PassengerId,Survived,Pclass,Name,Sex,Age,SibSp,Parch,Fare,Embarked
1,1,2,"Passenger0, Miss. Firstname",female,31.692101693986544,1,1,18.52,S
2,0,3,"Passenger1, Mrs. Firstname",female,26.924879713715214,1,0,52.21,S
3,0,3,"Passenger2, Mr. Firstname",male,16.701240288327018,0,0,9.88,S
4,0,3,"Passenger3, Mrs. Firstname",female,9.224499312105959,0,0,13.96,C
5,1,1,"Passenger4, Mr. Firstname",male,4.586126367139428,0,0,63.94,S
6,1,1,"Passenger5, Mr. Firstname",male,30.666257684755646,1,0,2.44,S
7,1,1,"Passenger6, Miss. Firstname",female,,0,0,54.63,S
8,0,3,"Passenger7, Mr. Firstname",male,13.126581668783636,0,0,4.05,S
9,0,3,"Passenger8, Mr. Firstname",male,,0,0,6.62,S
10,1,3,"Passenger9, Mr. Firstname",male,0.5,0,5,12.59,Q
11,1,1,"Passenger10, Mr. Firstname",male,39.90571596861602,0,0,36.89,C
12,0,3,"Passenger11, Mr. Firstname",male,0.5,1,2,19.95,S
13,0,3,"Passenger12, Mr. Firstname",male,,0,0,9.23,S
14,1,1,"Passenger13, Mr. Firstname",male,,0,0,103.31,C
15,1,1,"Passenger14, Miss. Firstname",female,36.53286408254532,1,0,16.83,S
16,1,1,"Passenger15, Mrs. Firstname",female,,1,0,32.82,S
17,1,2,"Passenger16, Dr. Firstname",male,,0,0,29.52,S
18,0,3,"Passenger17, Mr. Firstname",male,,0,0,13.9,S
19,0,2,"Passenger18, Mr. Firstname",male,43.750573589411246,0,2,38.55,Q
20,0,2,"Passenger19, Mr. Firstname",male,18.87152067581597,2,1,22.99,S
21,0,3,"Passenger20, Master. Firstname",male,30.69059528665255,0,0,14.08,S
22,0,1,"Passenger21, Mr. Firstname",male,50.66598133040497,2,0,6.45,S
23,0,2,"Passenger22, Mr. Firstname",male,25.672268254345028,1,0,37.35,C
24,0,2,"Passenger23, Mr. Firstname",male,31.691286698733233,0,0,32.1,C
25,1,3,"Passenger24, Mr. Firstname",male,42.73194828792465,0,0,2.93,S
26,0,3,"Passenger25, Master. Firstname",male,,0,2,13.29,S
27,0,1,"Passenger26, Miss. Firstname",female,,0,0,111.37,S
28,0,3,"Passenger27, Mrs. Firstname",female,,0,0,2.32,C
29,1,3,"Passenger28, Mr. Firstname",male,42.84136837101204,0,0,10.91,C
30,0,1,"Passenger29, Miss. Firstname",female,10.079759291512403,3,0,47.44,S
31,0,3,"Passenger30, Mr. Firstname",male,38.38307856188274,0,0,7.1,S
32,0,1,"Passenger31, Miss. Firstname",female,,1,0,84.79,S
33,1,1,"Passenger32, Miss. Firstname",female,,0,0,52.4,S
34,0,3,"Passenger33, Mr. Firstname",male,15.891959146305188,0,0,7.97,S
35,0,3,"Passenger34, Mr. Firstname",male,23.458397069756728,0,0,9.41,S
36,0,3,"Passenger35, Mr. Firstname",male,26.48526399670668,0,4,4.36,S
37,0,2,"Passenger36, Mr. Firstname",male,18.596120293248227,2,0,0.5,S
38,0,1,"Passenger37, Mr. Firstname",male,17.841960749849456,0,0,53.17,S
39,0,3,"Passenger38, Mr. Firstname",male,52.400760476549294,0,0,15.03,S
40,0,2,"Passenger39, Mr. Firstname",male,,0,0,36.85,S
41,1,1,"Passenger40, Mrs. Firstname",female,19.26938875790365,0,0,3.01,S
42,0,3,"Passenger41, Mrs. Firstname",female,28.4236273232243,0,1,5.94,S
43,1,1,"Passenger42, Mr. Firstname",male,36.51927166285601,1,0,102.72,S
44,0,3,"Passenger43, Mr. Firstname",male,29.72276927395691,1,0,7.6,S
45,0,2,"Passenger44, Mr. Firstname",male,,0,0,1.57,C
46,0,3,"Passenger45, Mr. Firstname",male,19.899766638613656,0,0,1.27,C
47,1,2,"Passenger46, Miss. Firstname",female,19.730168163453612,0,1,22.13,C
48,0,3,"Passenger47, Mr. Firstname",male,20.630682589204966,0,1,13.08,S
49,0,3,"Passenger48, Master. Firstname",male,33.74340441135032,0,0,13.15,S
50,1,1,"Passenger49, Mr. Firstname",male,15.08147870637498,0,1,58.95,S
51,0,3,"Passenger50, Mr. Firstname",male,34.505769128583104,0,0,7.4,S
52,1,3,"Passenger51, Miss. Firstname",female,48.781926578775625,0,3,2.58,S
53,1,3,"Passenger52, Miss. Firstname",female,33.5599030093848,0,0,2.83,S
54,0,3,"Passenger53, Mr. Firstname",male,23.82580259516008,0,3,0.28,C
55,0,3,"Passenger54, Mr. Firstname",male,,0,0,27.25,S
56,0,3,"Passenger55, Mr. Firstname",male,51.0934953107612,0,0,2.84,C
57,1,1,"Passenger56, Mrs. Firstname",female,12.619752891615228,1,0,8.35,C
58,1,1,"Passenger57, Miss. Firstname",female,40.87986848266047,0,4,67.66,S
59,0,1,"Passenger58, Mr. Firstname",male,37.9392500483228,0,1,117.37,C
60,0,2,"Passenger59, Mr. Firstname",male,25.685239558503167,0,0,11.67,S
61,1,2,"Passenger60, Miss. Firstname",female,25.31829674707051,1,0,8.13,C
62,0,2,"Passenger61, Mr. Firstname",male,3.3000421634257115,0,0,14.76,S
63,0,3,"Passenger62, Miss. Firstname",female,33.6209100113767,0,0,12.42,C
64,0,2,"Passenger63, Mr. Firstname",male,37.67896865354127,0,0,0.17,S
65,0,2,"Passenger64, Mr. Firstname",male,,1,0,28.63,Q
66,0,3,"Passenger65, Mr. Firstname",male,,2,1,9.78,S
67,0,1,"Passenger66, Mr. Firstname",male,29.5300668101253,0,0,91.25,S
68,0,3,"Passenger67, Mr. Firstname",male,37.184016791293956,1,1,12.63,C
69,1,1,"Passenger68, Mrs. Firstname",female,29.053243065724622,2,0,107.91,C
70,0,3,"Passenger69, Mr. Firstname",male,6.231529044537822,2,0,9.23,S
71,0,3,"Passenger70, Mr. Firstname",male,21.58087122752515,0,0,6.9,S
72,0,1,"Passenger71, Mr. Firstname",male,32.144760995446276,0,0,114.17,S
73,0,1,"Passenger72, Mr. Firstname",male,40.78139678855663,0,0,20.22,Q
74,1,3,"Passenger73, Mr. Firstname",male,20.353087468480545,1,0,24.61,C
75,0,3,"Passenger74, Mr. Firstname",male,59.627098243700274,0,0,81.8,C
76,1,3,"Passenger75, Miss. Firstname",female,2.477377036282494,0,0,11.23,S
77,0,3,"Passenger76, Master. Firstname",male,21.108197549189384,0,0,6.22,S
78,0,1,"Passenger77, Mr. Firstname",male,27.837529551101177,1,0,52.02,S
79,0,2,"Passenger78, Mr. Firstname",male,26.189511710259904,1,1,9.77,C
80,1,1,"Passenger79, Mrs. Firstname",female,11.750007382592344,0,2,74.73,S
81,0,3,"Passenger80, Miss. Firstname",female,,1,0,5.49,C
82,1,3,"Passenger81, Mrs. Firstname",female,34.195316718394906,0,0,29.42,S
83,0,2,"Passenger82, Mr. Firstname",male,29.671460243741652,1,0,1.64,S
84,0,1,"Passenger83, Mr. Firstname",male,33.64581408561922,0,2,147.79,S
85,0,2,"Passenger84, Mr. Firstname",male,,0,0,1.62,S
86,0,2,"Passenger85, Mr. Firstname",male,,2,0,24.54,S
87,0,3,"Passenger86, Mr. Firstname",male,,0,0,12.62,S
88,1,3,"Passenger87, Mr. Firstname",male,31.198764139732177,1,0,11.43,S
89,0,3,"Passenger88, Dr. Firstname",male,31.278421807849544,0,0,4.88,C
90,0,3,"Passenger89, Mr. Firstname",male,29.57930673620187,0,1,20.44,S
91,1,1,"Passenger90, Miss. Firstname",female,36.68191575179044,0,0,62.3,S
92,0,3,"Passenger91, Mr. Firstname",male,20.86395536369977,0,0,24.56,S
93,0,3,"Passenger92, Mr. Firstname",male,29.373534799547503,0,0,8.63,S
94,1,3,"Passenger93, Miss. Firstname",female,37.0092988976689,0,0,6.09,C
95,0,3,"Passenger94, Mr. Firstname",male,27.811542540967054,0,2,8.25,S
96,0,3,"Passenger95, Miss. Firstname",female,11.593465002314616,0,0,13.21,C
97,0,3,"Passenger96, Mr. Firstname",male,15.539162824822473,3,1,0.15,S
98,0,2,"Passenger97, Mr. Firstname",male,40.63193253991113,3,0,1.01,S
99,1,1,"Passenger98, Miss. Firstname",female,48.49461028119602,0,0,31.2,S
100,1,1,"Passenger99, Mrs. Firstname",female,45.45396350953669,1,2,248.45,S
101,1,1,"Passenger100, Miss. Firstname",female,32.25018329638849,0,0,20.74,S
102,0,3,"Passenger101, Mr. Firstname",male,12.1561435717663,0,1,6.95,C
103,1,2,"Passenger102, Mr. Firstname",male,,1,0,9.69,S
104,0,3,"Passenger103, Mr. Firstname",male,50.8715718473059,2,1,6.2,S
105,0,3,"Passenger104, Dr. Firstname",male,,0,0,13.62,S
106,1,2,"Passenger105, Mrs. Firstname",female,26.095314682425784,1,0,6.36,S
107,0,2,"Passenger106, Mr. Firstname",male,37.80075325977703,0,1,2.5,S
108,1,3,"Passenger107, Miss. Firstname",female,11.228467107381533,5,2,10.97,S
109,0,1,"Passenger108, Mr. Firstname",male,,0,2,6.55,S
110,0,1,"Passenger109, Mr. Firstname",male,13.821320525687451,0,1,64.13,S
111,0,2,"Passenger110, Dr. Firstname",male,35.574005456878055,0,1,15.25,S
112,1,1,"Passenger111, Miss. Firstname",female,38.997448996081296,1,0,11.09,C
113,1,3,"Passenger112, Miss. Firstname",female,26.846435619222866,0,0,10.11,S
114,1,3,"Passenger113, Mrs. Firstname",female,16.778984525646074,2,0,23.69,S
115,1,3,"Passenger114, Miss. Firstname",female,28.723512690515218,0,0,0.98,Q
116,1,3,"Passenger115, Miss. Firstname",female,,0,0,0.9,S
117,1,3,"Passenger116, Mrs. Firstname",female,17.853610134287575,0,0,22.79,S
118,0,1,"Passenger117, Mr. Firstname",male,33.74591159432945,0,0,12.52,S
119,0,3,"Passenger118, Mr. Firstname",male,18.388108884738568,0,0,13.26,S
120,0,3,"Passenger119, Mr. Firstname",male,,0,0,9.39,S
121,1,3,"Passenger120, Mrs. Firstname",female,10.182397414915386,0,0,21.47,Q
122,0,3,"Passenger121, Mrs. Firstname",female,,0,0,1.6,S
123,0,2,"Passenger122, Mr. Firstname",male,32.46516683206686,0,1,5.7,C
124,1,1,"Passenger123, Miss. Firstname",female,31.105676134466293,1,0,95.25,S
125,0,1,"Passenger124, Miss. Firstname",female,30.40728132311427,1,0,9.15,S
126,0,2,"Passenger125, Mr. Firstname",male,37.22824313471919,0,0,26.08,S
127,0,3,"Passenger126, Mr. Firstname",male,45.68742398563963,0,0,4.75,C
128,1,3,"Passenger127, Mrs. Firstname",female,,0,0,11.2,Q
129,0,1,"Passenger128, Mr. Firstname",male,34.690684681337856,0,0,6.16,S
130,1,3,"Passenger129, Mrs. Firstname",female,6.885382896317722,0,0,21.76,Q
131,0,2,"Passenger130, Mr. Firstname",male,48.30193644768691,0,0,2.4,S
132,0,1,"Passenger131, Mrs. Firstname",female,11.572362664945803,0,0,103.38,S
133,0,1,"Passenger132, Mrs. Firstname",female,19.058864333433874,0,2,26.22,S
134,0,2,"Passenger133, Mrs. Firstname",female,20.632066807736706,0,2,15.57,S
135,0,3,"Passenger134, Mr. Firstname",male,7.632206045889031,1,0,20.62,S
136,0,2,"Passenger135, Dr. Firstname",female,29.456058083719867,3,0,3.77,S
137,1,3,"Passenger136, Mrs. Firstname",female,31.994654154820743,0,0,3.28,S
138,0,3,"Passenger137, Mr. Firstname",male,26.348208606258304,0,0,18.56,S
139,1,2,"Passenger138, Miss. Firstname",female,7.436533151564927,1,2,16.23,S
140,0,3,"Passenger139, Mr. Firstname",male,,2,0,5.53,Q
141,0,3,"Passenger140, Mr. Firstname",male,36.68923115102307,0,1,8.46,S
142,0,2,"Passenger141, Dr. Firstname",male,65.87910861109941,0,0,2.98,S
143,0,3,"Passenger142, Mr. Firstname",male,17.728470641591905,0,3,15.65,S
144,0,2,"Passenger143, Mr. Firstname",male,,0,0,14.88,S
145,0,2,"Passenger144, Miss. Firstname",female,39.90983442351829,0,1,20.4,C
146,1,1,"Passenger145, Mr. Firstname",male,24.93194855663693,0,0,10.72,S
147,1,3,"Passenger146, Miss. Firstname",female,48.75471261482914,0,0,9.52,C
148,0,3,"Passenger147, Mr. Firstname",male,,0,0,12.28,S
149,0,1,"Passenger148, Mr. Firstname",male,23.9475201280555,1,0,234.59,S
150,0,2,"Passenger149, Mr. Firstname",male,0.5,0,2,11.95,S
151,1,3,"Passenger150, Mrs. Firstname",female,34.726392752396926,0,2,1.52,S
152,0,1,"Passenger151, Mr. Firstname",male,10.442861236446308,0,1,16.75,S
153,1,1,"Passenger152, Mr. Firstname",male,21.289903260262843,0,0,96.13,S
154,0,3,"Passenger153, Miss. Firstname",female,14.632925057569615,3,1,22.02,S
155,0,3,"Passenger154, Mr. Firstname",male,23.872758449544335,0,0,14.5,S
156,0,2,"Passenger155, Mr. Firstname",male,35.2143232230441,0,0,10.57,Q
157,0,3,"Passenger156, Master. Firstname",male,29.155981882682603,1,0,5.19,S
158,1,3,"Passenger157, Miss. Firstname",female,,0,0,6.22,S
159,0,1,"Passenger158, Mr. Firstname",male,,1,0,33.74,S
160,0,3,"Passenger159, Miss. Firstname",female,23.836856886510304,0,0,2.56,S
161,0,2,"Passenger160, Dr. Firstname",male,22.300058611774407,0,0,1.86,S
162,1,3,"Passenger161, Miss. Firstname",female,42.40818715126814,0,1,10.73,C
163,0,3,"Passenger162, Miss. Firstname",female,43.51866204235901,0,0,54.36,Q
164,0,3,"Passenger163, Mrs. Firstname",female,39.36827215344266,1,0,2.19,S
165,1,1,"Passenger164, Mr. Firstname",male,15.669496705649108,1,0,11.53,S
166,1,3,"Passenger165, Miss. Firstname",female,,0,0,18.14,S
167,0,2,"Passenger166, Mr. Firstname",male,30.532588456662047,0,0,5.79,S
168,0,1,"Passenger167, Mr. Firstname",male,43.735405178895284,1,0,17.49,S
169,0,1,"Passenger168, Rev. Firstname",male,,2,0,4.18,S
170,1,3,"Passenger169, Miss. Firstname",female,5.667455923901173,0,0,34.95,S
171,0,3,"Passenger170, Miss. Firstname",female,38.66331520532381,0,0,6.31,S
172,1,1,"Passenger171, Miss. Firstname",female,0.5,0,1,60.17,S
173,0,3,"Passenger172, Mr. Firstname",male,18.758812345451382,1,0,7.5,S
174,0,1,"Passenger173, Mr. Firstname",male,14.675262841543878,0,0,17.84,S
175,0,3,"Passenger174, Mrs. Firstname",female,14.580914607319544,0,1,7.17,S
176,0,1,"Passenger175, Mr. Firstname",male,18.513559406628662,1,0,1.71,C
177,0,3,"Passenger176, Mr. Firstname",male,46.043229976522824,0,0,8.51,S
178,0,2,"Passenger177, Mr. Firstname",male,40.48777586608922,0,1,27.29,C
179,0,3,"Passenger178, Mr. Firstname",male,,0,0,19.97,S
180,0,1,"Passenger179, Mr. Firstname",male,44.87072860602669,0,0,103.9,S
181,0,2,"Passenger180, Mr. Firstname",male,14.127839827670764,0,0,8.48,S
182,1,1,"Passenger181, Mr. Firstname",male,12.224032599539786,0,0,63.38,S
183,0,3,"Passenger182, Mr. Firstname",male,41.09035322945226,0,0,15.3,Q
184,0,3,"Passenger183, Mrs. Firstname",female,37.115005210517054,0,0,8.33,S
185,0,2,"Passenger184, Mr. Firstname",male,,1,0,2.82,S
186,0,3,"Passenger185, Mr. Firstname",male,13.103547488226173,1,0,30.29,S
187,0,3,"Passenger186, Mrs. Firstname",female,49.43624625053116,0,0,0.68,Q
188,0,3,"Passenger187, Mr. Firstname",male,,0,0,20.62,S
189,1,3,"Passenger188, Miss. Firstname",female,,0,0,0.46,Q
190,0,2,"Passenger189, Miss. Firstname",female,32.20007138525056,0,0,15.0,C
191,1,1,"Passenger190, Mr. Firstname",male,54.23030731804024,0,0,14.25,S
192,1,3,"Passenger191, Rev. Firstname",male,34.36340296902509,0,2,1.92,C
193,0,3,"Passenger192, Miss. Firstname",female,35.724265142186184,0,0,16.46,Q
194,0,3,"Passenger193, Miss. Firstname",female,21.028628197926217,0,0,0.1,S
195,0,2,"Passenger194, Master. Firstname",male,36.958723153844375,0,0,23.69,S
196,0,2,"Passenger195, Mr. Firstname",male,30.474330492307217,1,0,0.33,S
197,0,3,"Passenger196, Mr. Firstname",male,6.761496434154186,0,2,15.04,S
198,1,3,"Passenger197, Mrs. Firstname",female,40.1010879489035,0,0,29.82,S
199,0,3,"Passenger198, Mr. Firstname",male,,0,2,14.67,S
200,1,3,"Passenger199, Mrs. Firstname",female,40.247110683496274,1,0,13.37,S
201,0,3,"Passenger200, Dr. Firstname",male,29.466590959321227,1,0,6.02,S
202,1,1,"Passenger201, Mr. Firstname",male,15.613523635904938,0,0,21.35,S
203,0,1,"Passenger202, Mr. Firstname",male,,0,1,6.33,C
204,0,3,"Passenger203, Mr. Firstname",male,,0,0,9.18,S
205,0,3,"Passenger204, Mr. Firstname",male,44.14718883637189,0,0,13.49,S
206,0,1,"Passenger205, Mr. Firstname",male,42.93745456716313,0,0,28.52,S
207,0,1,"Passenger206, Mr. Firstname",male,40.42501980751387,1,0,5.55,S
208,0,3,"Passenger207, Mrs. Firstname",female,27.961046300308528,0,2,8.85,Q
209,1,1,"Passenger208, Mr. Firstname",male,44.22449843644095,1,0,239.02,S
210,1,1,"Passenger209, Rev. Firstname",male,,0,0,59.6,S
211,0,3,"Passenger210, Mrs. Firstname",female,23.08313014989819,0,0,21.99,Q
212,1,3,"Passenger211, Miss. Firstname",female,,1,0,15.49,Q
213,1,3,"Passenger212, Mrs. Firstname",female,21.49657196426992,0,2,27.02,C
214,1,1,"Passenger213, Miss. Firstname",female,36.560339242636914,0,0,103.17,C
215,0,3,"Passenger214, Mr. Firstname",male,10.812366979785061,0,0,55.53,S
216,0,1,"Passenger215, Mr. Firstname",male,,0,1,4.36,S
217,1,2,"Passenger216, Mrs. Firstname",female,,5,0,53.16,S
218,1,3,"Passenger217, Miss. Firstname",female,42.12584171086671,0,0,71.53,S
219,0,3,"Passenger218, Master. Firstname",male,37.87056156806164,4,0,3.96,C
220,1,3,"Passenger219, Mrs. Firstname",female,30.231563494739625,3,0,13.23,S
221,0,3,"Passenger220, Dr. Firstname",male,0.5,1,0,2.33,S
222,0,3,"Passenger221, Mr. Firstname",male,27.951736865109147,0,2,10.42,Q
223,0,1,"Passenger222, Mr. Firstname",male,35.358564340657736,0,0,35.42,S
224,0,2,"Passenger223, Mr. Firstname",male,21.51373453416572,1,0,34.72,Q
225,0,2,"Passenger224, Mr. Firstname",male,19.025081300684676,0,2,38.9,Q
226,0,2,"Passenger225, Mr. Firstname",male,49.22188543415169,0,0,10.73,S
227,1,3,"Passenger226, Miss. Firstname",female,,0,0,11.76,S
228,0,2,"Passenger227, Mr. Firstname",male,35.367132374993325,0,0,11.52,S
229,0,3,"Passenger228, Dr. Firstname",male,,0,2,2.85,S
230,1,3,"Passenger229, Miss. Firstname",female,,0,0,4.51,S
231,0,3,"Passenger230, Miss. Firstname",female,31.704903917998713,0,1,2.36,S
232,1,3,"Passenger231, Miss. Firstname",female,,1,1,27.86,Q
233,1,3,"Passenger232, Ms. Firstname",female,54.4691245661961,0,0,6.07,S
234,1,3,"Passenger233, Miss. Firstname",female,29.559109561005666,2,0,3.38,C
235,0,1,"Passenger234, Mr. Firstname",male,25.668790337140955,1,1,33.95,S
236,0,3,"Passenger235, Mr. Firstname",male,32.76633695392547,1,0,4.64,S
237,1,2,"Passenger236, Mr. Firstname",male,,0,1,8.23,Q
238,0,1,"Passenger237, Mr. Firstname",male,48.414612925836146,1,2,130.61,S
239,0,3,"Passenger238, Mr. Firstname",male,15.05051635166106,0,0,6.92,S
240,1,1,"Passenger239, Miss. Firstname",female,25.081776793675697,1,0,55.63,S
241,0,3,"Passenger240, Mr. Firstname",male,13.360021423728853,0,1,10.01,S
242,0,3,"Passenger241, Master. Firstname",male,,1,1,2.05,S
243,0,3,"Passenger242, Mr. Firstname",male,34.27203621194774,5,0,14.08,S
244,1,2,"Passenger243, Mrs. Firstname",female,40.33800978291837,0,0,8.45,S
245,0,1,"Passenger244, Mr. Firstname",male,19.908516287587567,0,0,1.01,Q
246,1,3,"Passenger245, Miss. Firstname",female,39.80932704565405,1,0,26.45,Q
247,0,2,"Passenger246, Dr. Firstname",male,44.562101199847554,0,0,57.57,S
248,0,3,"Passenger247, Mr. Firstname",male,56.08588397806746,1,0,27.77,C
249,0,3,"Passenger248, Mr. Firstname",male,,0,0,16.67,S
250,0,3,"Passenger249, Mrs. Firstname",female,20.04329661578214,0,0,8.05,S
251,0,2,"Passenger250, Mr. Firstname",male,14.965392957517473,3,0,3.75,S
252,1,2,"Passenger251, Miss. Firstname",female,13.57489522912149,0,0,2.4,S
253,1,3,"Passenger252, Dr. Firstname",male,46.49692981965049,1,0,49.32,S
254,0,2,"Passenger253, Mr. Firstname",male,7.788665198620894,0,0,39.59,S
255,1,1,"Passenger254, Miss. Firstname",female,,0,0,119.61,S
256,1,3,"Passenger255, Mrs. Firstname",female,,0,0,4.75,C
257,1,3,"Passenger256, Mrs. Firstname",female,19.40711322996832,0,0,11.72,S
258,0,3,"Passenger257, Miss. Firstname",female,26.878223629860283,1,0,0.7,S
259,1,3,"Passenger258, Miss. Firstname",female,19.148836306068844,0,2,0.29,C
260,1,1,"Passenger259, Miss. Firstname",female,42.04771656943405,0,0,1.21,S
261,1,3,"Passenger260, Miss. Firstname",female,54.38681532775885,0,2,4.85,S
262,0,3,"Passenger261, Miss. Firstname",female,,1,0,6.92,C
263,1,1,"Passenger262, Mrs. Firstname",female,22.948670251695226,0,0,43.79,S
264,0,3,"Passenger263, Mr. Firstname",male,26.71350869802542,1,2,2.16,S
265,0,3,"Passenger264, Mrs. Firstname",female,,0,0,14.02,S
266,0,3,"Passenger265, Mr. Firstname",male,26.851220094618007,0,0,8.67,C
267,0,3,"Passenger266, Miss. Firstname",female,48.42160375473634,1,0,2.68,S
268,0,3,"Passenger267, Miss. Firstname",female,,0,0,4.62,C
269,0,2,"Passenger268, Rev. Firstname",male,12.403527049668597,0,0,142.8,S
270,0,2,"Passenger269, Miss. Firstname",female,36.293554318047605,0,0,6.76,S
271,0,3,"Passenger270, Mr. Firstname",male,,0,0,1.91,C
272,0,3,"Passenger271, Mr. Firstname",male,22.073066759263632,1,0,0.91,S
273,1,3,"Passenger272, Miss. Firstname",female,24.88029179489021,0,2,20.08,S
274,0,3,"Passenger273, Mr. Firstname",male,21.607482030058627,1,0,16.75,S
275,1,3,"Passenger274, Mrs. Firstname",female,21.900941382670922,0,0,16.8,C
276,1,3,"Passenger275, Mrs. Firstname",female,5.641678273245329,0,1,15.12,S
277,0,3,"Passenger276, Mr. Firstname",male,10.403590679489291,2,0,13.28,S
278,0,3,"Passenger277, Mr. Firstname",male,30.08463206232122,0,0,7.78,S
279,0,3,"Passenger278, Mr. Firstname",male,,0,0,12.34,Q
280,0,3,"Passenger279, Mr. Firstname",male,20.41294862474404,0,0,0.47,S
281,1,3,"Passenger280, Mrs. Firstname",female,20.001397758720188,0,0,11.66,S
282,0,2,"Passenger281, Mr. Firstname",male,52.82129498589028,0,1,40.81,S
283,1,2,"Passenger282, Mr. Firstname",male,,0,2,20.22,S
284,0,1,"Passenger283, Mr. Firstname",male,5.742595722110092,0,0,26.66,S
285,0,3,"Passenger284, Mr. Firstname",male,17.400783894075005,0,0,3.9,S
286,1,1,"Passenger285, Miss. Firstname",female,19.721017296878877,0,0,39.26,S
287,0,3,"Passenger286, Mr. Firstname",male,,0,0,14.16,C
288,1,3,"Passenger287, Mrs. Firstname",female,27.207416112155443,0,2,24.57,C
289,0,2,"Passenger288, Mr. Firstname",male,42.27824889806149,0,0,90.71,S
290,1,3,"Passenger289, Mrs. Firstname",female,10.996633167992432,3,0,17.62,C
291,1,1,"Passenger290, Dr. Firstname",male,30.226095065350247,0,1,35.99,S
292,0,1,"Passenger291, Mr. Firstname",male,34.543099458774826,1,0,76.1,C
293,1,3,"Passenger292, Miss. Firstname",female,27.832620146159897,0,0,9.0,S
294,0,2,"Passenger293, Dr. Firstname",male,31.59969625637483,0,0,7.59,S
295,0,1,"Passenger294, Mrs. Firstname",female,31.762581676332953,0,1,12.82,Q
296,0,3,"Passenger295, Mrs. Firstname",female,17.62180860314195,0,0,16.6,C
297,0,3,"Passenger296, Mr. Firstname",male,49.980156008166155,0,1,40.12,S
298,0,1,"Passenger297, Mr. Firstname",male,46.468595677067015,0,0,147.79,S
299,1,3,"Passenger298, Mrs. Firstname",female,,0,1,0.66,S
300,0,1,"Passenger299, Mr. Firstname",male,,2,1,182.52,S
301,0,1,"Passenger300, Mr. Firstname",male,6.950287427937667,0,0,45.69,S
302,0,3,"Passenger301, Mr. Firstname",male,41.964873289367524,0,0,11.45,S
303,0,3,"Passenger302, Mr. Firstname",male,38.17841998569311,1,0,7.9,C
304,0,3,"Passenger303, Mr. Firstname",male,7.4886693907870345,0,0,1.18,S
305,0,3,"Passenger304, Miss. Firstname",female,,0,0,17.54,S
306,1,3,"Passenger305, Miss. Firstname",female,32.87510829055404,1,0,16.5,S
307,1,3,"Passenger306, Miss. Firstname",female,52.300439373744894,1,0,4.48,S
308,1,2,"Passenger307, Miss. Firstname",female,39.146134010519624,1,0,7.5,S
309,0,3,"Passenger308, Rev. Firstname",male,16.89607981810378,0,0,21.83,S
310,0,2,"Passenger309, Mrs. Firstname",female,52.73543841832748,0,0,14.97,C
311,0,2,"Passenger310, Mr. Firstname",male,29.61291667799445,2,0,1.18,C
312,0,1,"Passenger311, Mr. Firstname",male,25.418224083356716,0,1,31.29,S
313,0,1,"Passenger312, Mr. Firstname",male,24.42034524775663,0,0,156.7,S
314,0,3,"Passenger313, Mr. Firstname",male,6.270226667676134,0,0,32.99,S
315,0,3,"Passenger314, Mrs. Firstname",female,27.463226946574007,0,2,13.6,C
316,1,3,"Passenger315, Mrs. Firstname",female,35.96479360227921,0,0,6.42,C
317,0,2,"Passenger316, Mr. Firstname",male,23.60463341464698,0,2,26.9,S
318,1,1,"Passenger317, Dr. Firstname",male,34.88633468146582,0,0,250.31,S
319,1,1,"Passenger318, Mrs. Firstname",female,16.89852500720147,0,0,65.87,C
320,0,2,"Passenger319, Mr. Firstname",male,27.027009200113323,1,0,7.61,S
321,0,3,"Passenger320, Master. Firstname",male,,0,0,16.67,S
322,0,3,"Passenger321, Mr. Firstname",male,31.655252278887893,0,0,12.42,C
323,0,3,"Passenger322, Mrs. Firstname",female,6.523488743933353,0,0,5.27,C
324,1,2,"Passenger323, Miss. Firstname",female,22.8539166878028,0,0,31.75,S
325,0,3,"Passenger324, Mr. Firstname",male,52.484481024376485,0,0,0.38,S
326,1,3,"Passenger325, Mr. Firstname",male,22.105754959372753,0,0,9.69,S
327,1,3,"Passenger326, Mrs. Firstname",female,29.22130561756575,1,0,17.23,S
328,1,3,"Passenger327, Miss. Firstname",female,27.78541949231478,2,0,9.25,S
329,1,2,"Passenger328, Mr. Firstname",male,,0,0,39.25,S
330,1,2,"Passenger329, Mrs. Firstname",female,47.06515371072538,0,2,24.74,S
331,0,2,"Passenger330, Mr. Firstname",male,,0,0,13.16,C
332,0,3,"Passenger331, Mr. Firstname",male,15.37460761278453,1,2,3.25,S
333,1,1,"Passenger332, Miss. Firstname",female,34.02856268868912,1,1,24.11,S
334,0,1,"Passenger333, Master. Firstname",male,,0,0,17.12,S
335,0,1,"Passenger334, Mr. Firstname",male,19.21953230165524,0,0,265.44,S
336,0,1,"Passenger335, Mr. Firstname",male,16.812760518132357,1,0,29.6,S
337,0,3,"Passenger336, Mr. Firstname",male,,0,0,30.66,S
338,1,3,"Passenger337, Ms. Firstname",female,24.788753628962997,0,0,6.66,C
339,0,3,"Passenger338, Mr. Firstname",male,51.60967546475608,0,0,50.82,S
340,1,1,"Passenger339, Miss. Firstname",female,42.95931257692347,0,0,16.39,Q
341,0,3,"Passenger340, Mr. Firstname",male,34.7102749532545,1,0,32.05,Q
342,0,3,"Passenger341, Mr. Firstname",male,35.33544010903279,2,0,0.06,S
343,0,1,"Passenger342, Mr. Firstname",male,9.394126155369253,0,0,16.02,S
344,1,2,"Passenger343, Mrs. Firstname",female,31.894846917681832,0,1,50.15,Q
345,0,2,"Passenger344, Mr. Firstname",male,48.83828578174277,0,0,46.89,Q
346,1,3,"Passenger345, Miss. Firstname",female,,0,0,1.21,S
347,0,3,"Passenger346, Mr. Firstname",male,31.160713618901745,0,0,6.63,S
348,1,1,"Passenger347, Miss. Firstname",female,52.96712074143842,0,0,24.8,S
349,0,2,"Passenger348, Mr. Firstname",male,,0,0,3.47,
350,1,3,"Passenger349, Mrs. Firstname",female,,0,0,9.0,S
351,0,3,"Passenger350, Mrs. Firstname",female,31.1536468250956,0,0,1.83,S
352,0,3,"Passenger351, Mrs. Firstname",female,39.730543153562344,0,0,0.01,C
353,1,3,"Passenger352, Mrs. Firstname",female,4.950882658684346,0,2,19.94,S
354,1,1,"Passenger353, Miss. Firstname",female,32.988161008865845,0,2,93.66,S
355,0,1,"Passenger354, Mr. Firstname",male,,4,0,57.47,S
356,0,3,"Passenger355, Mr. Firstname",male,25.225017245843947,0,0,29.53,C
357,0,1,"Passenger356, Mr. Firstname",male,,0,0,58.46,S
358,1,3,"Passenger357, Miss. Firstname",female,37.97661327375498,1,0,13.13,S
359,0,3,"Passenger358, Mr. Firstname",male,58.979363659155084,8,0,0.98,S
360,0,3,"Passenger359, Mrs. Firstname",female,18.49155943386299,0,0,11.11,S
361,0,2,"Passenger360, Dr. Firstname",male,40.62993790694525,1,2,5.14,S
362,1,3,"Passenger361, Mr. Firstname",male,14.757465290836333,0,0,15.98,S
363,0,3,"Passenger362, Mr. Firstname",male,6.384869682125835,0,0,4.3,S
364,0,3,"Passenger363, Miss. Firstname",female,0.5025682005497814,0,0,7.47,C
365,1,3,"Passenger364, Mr. Firstname",male,36.53653631355697,0,0,10.98,C
366,0,2,"Passenger365, Mr. Firstname",male,31.579470795217436,1,0,7.92,S
367,0,3,"Passenger366, Mr. Firstname",male,22.293285196935447,0,2,16.24,S
368,1,3,"Passenger367, Mr. Firstname",male,4.170939324705419,0,0,4.33,S
369,0,1,"Passenger368, Mr. Firstname",male,19.33458723405853,0,0,5.49,C
370,0,1,"Passenger369, Mr. Firstname",male,,0,0,165.4,S
371,0,1,"Passenger370, Miss. Firstname",female,40.10437113510337,0,0,104.76,S
372,0,1,"Passenger371, Mr. Firstname",male,28.76849949653324,1,0,94.01,S
373,0,1,"Passenger372, Mr. Firstname",male,,1,0,13.46,S
374,0,3,"Passenger373, Mr. Firstname",male,23.7341466663621,1,0,3.41,S
375,0,1,"Passenger374, Mr. Firstname",male,,1,1,113.88,S
376,1,2,"Passenger375, Mr. Firstname",male,14.74450497940481,0,0,7.23,S
377,0,3,"Passenger376, Mr. Firstname",male,19.210664958008213,1,0,25.62,S
378,1,1,"Passenger377, Mr. Firstname",male,22.106986964090815,0,0,3.07,S
379,0,3,"Passenger378, Mr. Firstname",male,36.59786157167414,0,1,2.62,S
380,1,2,"Passenger379, Miss. Firstname",female,14.455962942983673,0,0,63.39,S
381,1,1,"Passenger380, Mrs. Firstname",female,30.900060267671982,0,0,51.45,S
382,1,3,"Passenger381, Mrs. Firstname",female,31.3087420079718,0,0,5.96,S
383,0,3,"Passenger382, Mr. Firstname",male,19.27898840973268,0,0,14.99,S
384,0,3,"Passenger383, Mr. Firstname",male,33.619712453396,1,0,12.93,S
385,1,3,"Passenger384, Mr. Firstname",male,14.890605417675964,0,1,11.76,S
386,0,3,"Passenger385, Mr. Firstname",male,,0,0,3.98,S
387,0,2,"Passenger386, Mrs. Firstname",female,30.39448059130017,3,0,4.28,S
388,1,1,"Passenger387, Mr. Firstname",male,5.763421803307121,0,0,50.2,C
389,0,3,"Passenger388, Mr. Firstname",male,0.5,0,1,15.23,S
390,0,3,"Passenger389, Master. Firstname",male,,0,0,8.41,S
391,0,3,"Passenger390, Miss. Firstname",female,,0,0,14.8,S
392,0,2,"Passenger391, Mr. Firstname",male,22.46475633830459,0,0,4.61,S
393,0,2,"Passenger392, Mr. Firstname",male,19.647010870631213,0,0,7.76,S
394,0,3,"Passenger393, Mr. Firstname",male,43.07749316364384,0,0,4.88,S
395,0,2,"Passenger394, Mr. Firstname",male,12.962464948015121,0,0,57.36,S
396,0,3,"Passenger395, Master. Firstname",male,9.912783253903783,0,0,5.01,S
397,0,3,"Passenger396, Mr. Firstname",male,38.906909931918825,0,0,19.51,S
398,0,2,"Passenger397, Rev. Firstname",male,29.126534611172303,0,0,8.87,C
399,1,3,"Passenger398, Mr. Firstname",male,43.90827435006333,1,0,8.76,Q
400,0,3,"Passenger399, Dr. Firstname",male,0.5,0,0,7.29,S
401,0,1,"Passenger400, Mr. Firstname",male,,0,1,9.71,S
402,0,3,"Passenger401, Mr. Firstname",male,29.200648837818193,1,2,25.36,S
403,1,3,"Passenger402, Mrs. Firstname",female,34.847431778773014,0,2,0.16,S
404,0,3,"Passenger403, Mrs. Firstname",female,40.857959227652415,0,1,34.75,S
405,0,2,"Passenger404, Mr. Firstname",male,31.44744876332289,0,0,13.54,S
406,0,3,"Passenger405, Mr. Firstname",male,31.305172175019965,1,0,5.02,S
407,0,2,"Passenger406, Mr. Firstname",male,23.54837839757722,1,0,32.87,S
408,0,1,"Passenger407, Mr. Firstname",male,51.27266866866324,0,0,43.83,S
409,1,3,"Passenger408, Miss. Firstname",female,13.55767162341303,1,0,10.45,S
410,1,1,"Passenger409, Dr. Firstname",male,34.02628213578315,0,0,59.14,C
411,1,2,"Passenger410, Mrs. Firstname",female,15.170676315767722,0,0,5.22,S
412,0,3,"Passenger411, Mr. Firstname",male,36.486899641270135,0,0,6.72,S
413,0,3,"Passenger412, Mr. Firstname",male,,0,0,12.68,S
414,0,3,"Passenger413, Miss. Firstname",female,39.41341977900642,1,2,15.59,S
415,0,3,"Passenger414, Miss. Firstname",female,30.56946925554324,0,0,0.01,S
416,1,2,"Passenger415, Miss. Firstname",female,53.42494842562154,0,0,1.08,S
417,1,2,"Passenger416, Mrs. Firstname",female,25.0657249381978,2,2,5.25,S
418,0,2,"Passenger417, Mr. Firstname",male,34.94952562746563,0,0,32.38,S
419,1,3,"Passenger418, Mrs. Firstname",female,18.084812073550065,0,0,3.67,S
420,0,3,"Passenger419, Mr. Firstname",male,,0,0,0.46,S
421,1,3,"Passenger420, Miss. Firstname",female,30.48049271222094,1,0,1.58,S
422,0,3,"Passenger421, Mr. Firstname",male,,1,1,51.53,S
423,0,1,"Passenger422, Dr. Firstname",female,9.15326492141319,0,0,115.16,S
424,0,3,"Passenger423, Mr. Firstname",male,37.39803019769903,0,0,1.47,S
425,0,1,"Passenger424, Mr. Firstname",male,26.954784498556485,0,0,6.27,Q
426,0,3,"Passenger425, Mr. Firstname",male,20.699028537327692,1,0,15.25,S
427,0,2,"Passenger426, Mrs. Firstname",female,18.68219347416542,0,2,9.54,S
428,0,3,"Passenger427, Mr. Firstname",male,19.221156859868287,0,0,3.56,S
429,0,2,"Passenger428, Mr. Firstname",male,30.575710010115202,2,0,19.11,Q
430,0,1,"Passenger429, Mr. Firstname",male,35.230502097626655,0,0,76.38,C
431,0,1,"Passenger430, Mr. Firstname",male,,0,0,6.4,S
432,1,3,"Passenger431, Miss. Firstname",female,48.77967679477849,0,2,1.31,S
433,0,3,"Passenger432, Mr. Firstname",male,47.783810681187894,3,0,6.78,S
434,1,1,"Passenger433, Mrs. Firstname",female,0.5,0,0,93.33,S
435,0,1,"Passenger434, Mr. Firstname",male,44.20297374851916,0,0,15.97,C
436,0,3,"Passenger435, Mr. Firstname",male,43.77306391863459,0,1,3.51,S
437,1,1,"Passenger436, Miss. Firstname",female,29.006236918625632,0,0,16.13,S
438,1,3,"Passenger437, Miss. Firstname",female,,0,1,28.37,C
439,0,3,"Passenger438, Mr. Firstname",male,43.213193283311014,0,0,10.04,C
440,1,1,"Passenger439, Mr. Firstname",male,25.62276507183708,8,2,8.14,S
441,1,1,"Passenger440, Mrs. Firstname",female,,0,0,120.86,S
442,0,3,"Passenger441, Mr. Firstname",male,60.068817807464896,0,0,6.37,S
443,0,2,"Passenger442, Miss. Firstname",female,,0,0,11.14,C
444,0,2,"Passenger443, Dr. Firstname",female,16.163614315940134,0,0,2.76,C
445,1,3,"Passenger444, Mrs. Firstname",female,24.299766071123898,1,2,23.32,S
446,0,3,"Passenger445, Mr. Firstname",male,17.947764956626173,0,1,34.61,S
447,0,3,"Passenger446, Mrs. Firstname",female,35.068856044279315,0,0,4.91,C
448,0,3,"Passenger447, Mr. Firstname",male,17.715054177502733,0,0,9.87,S
449,0,2,"Passenger448, Mr. Firstname",male,22.380080087104997,0,0,13.78,S
450,0,1,"Passenger449, Mr. Firstname",male,,0,0,101.12,C
451,0,3,"Passenger450, Mr. Firstname",male,27.15078192273199,0,0,6.4,S
452,0,3,"Passenger451, Miss. Firstname",female,31.474567106228694,1,0,2.77,S
453,0,2,"Passenger452, Miss. Firstname",female,0.5,2,0,22.36,C
454,0,3,"Passenger453, Mrs. Firstname",female,32.63402986072309,0,0,2.07,C
455,0,1,"Passenger454, Mr. Firstname",male,28.36019676464509,2,0,30.07,S
456,0,3,"Passenger455, Mr. Firstname",male,,0,0,11.17,S
457,1,1,"Passenger456, Mr. Firstname",male,,0,0,40.75,S
458,1,3,"Passenger457, Miss. Firstname",female,42.41867138646656,0,3,5.8,S
459,1,1,"Passenger458, Mr. Firstname",male,13.65036519388038,0,0,40.44,S
460,1,1,"Passenger459, Miss. Firstname",female,,0,0,112.55,C
461,0,1,"Passenger460, Mr. Firstname",male,46.42297306429481,0,0,107.01,S
462,0,3,"Passenger461, Mr. Firstname",male,30.8482929166458,0,1,0.84,S
463,1,3,"Passenger462, Miss. Firstname",female,34.06018851726255,0,0,7.5,S
464,0,3,"Passenger463, Mr. Firstname",male,33.73685333690227,0,0,20.63,Q
465,0,3,"Passenger464, Mrs. Firstname",female,,1,0,11.44,S
466,1,2,"Passenger465, Mrs. Firstname",female,26.38382564409441,0,0,8.92,S
467,0,2,"Passenger466, Mr. Firstname",male,25.6552202122236,0,0,15.56,S
468,0,3,"Passenger467, Mr. Firstname",male,,0,1,1.51,S
469,0,1,"Passenger468, Mr. Firstname",male,,0,1,24.39,S
470,1,3,"Passenger469, Mrs. Firstname",female,24.833446530366274,1,0,4.34,S
471,0,1,"Passenger470, Mr. Firstname",male,27.738253626125843,0,0,16.38,S
472,0,3,"Passenger471, Mr. Firstname",male,43.327398142783615,0,2,18.74,S
473,1,1,"Passenger472, Mr. Firstname",male,26.415814714565585,1,0,21.84,S
474,0,3,"Passenger473, Miss. Firstname",female,19.225262536717473,0,1,8.21,S
475,1,3,"Passenger474, Mr. Firstname",male,25.14016929910787,0,0,6.56,S
476,1,3,"Passenger475, Miss. Firstname",female,42.16974601351755,0,2,6.34,S
477,1,1,"Passenger476, Mrs. Firstname",female,35.94630867837111,1,0,2.15,S
478,0,3,"Passenger477, Mr. Firstname",male,29.619751626887595,0,2,1.76,S
479,0,3,"Passenger478, Rev. Firstname",male,31.681550192227622,0,0,2.63,S
480,1,3,"Passenger479, Miss. Firstname",female,21.16360536966325,0,0,0.68,S
481,0,3,"Passenger480, Mr. Firstname",male,26.28470839380285,0,2,2.65,S
482,1,3,"Passenger481, Mrs. Firstname",female,19.71373949515676,0,0,0.11,S
483,0,3,"Passenger482, Mr. Firstname",male,24.87309001980359,0,0,11.84,Q
484,0,3,"Passenger483, Mr. Firstname",male,47.84649569077275,0,0,4.56,C
485,1,3,"Passenger484, Mrs. Firstname",female,13.90979464071934,2,1,43.41,S
486,0,3,"Passenger485, Mr. Firstname",male,19.35795267007919,1,2,2.58,S
487,1,1,"Passenger486, Mr. Firstname",male,11.439815918899473,0,0,36.72,S
488,0,2,"Passenger487, Mr. Firstname",male,8.407277399373623,1,1,35.2,S
489,0,3,"Passenger488, Mr. Firstname",male,,0,0,0.1,S
490,0,3,"Passenger489, Mr. Firstname",male,20.353471454788988,0,0,21.93,S
491,0,3,"Passenger490, Dr. Firstname",male,53.663645031090695,0,0,0.39,S
492,1,3,"Passenger491, Mrs. Firstname",female,25.040148353510894,1,0,33.8,C
493,0,2,"Passenger492, Rev. Firstname",male,47.05155608802034,1,0,54.61,S
494,0,1,"Passenger493, Miss. Firstname",female,42.55209064916887,0,3,24.82,C
495,0,3,"Passenger494, Mr. Firstname",male,26.074641826863804,2,0,9.41,C
496,0,2,"Passenger495, Mrs. Firstname",female,58.54189814919872,0,0,7.23,S
497,0,3,"Passenger496, Mr. Firstname",male,32.759475810507325,1,2,5.87,S
498,1,1,"Passenger497, Mrs. Firstname",female,,3,0,3.22,S
499,0,3,"Passenger498, Mr. Firstname",male,48.5523564821377,0,1,0.55,S
500,0,3,"Passenger499, Mr. Firstname",male,34.80507179146696,1,0,0.67,S
501,1,3,"Passenger500, Mr. Firstname",male,39.51583186928191,0,1,7.33,S
502,0,3,"Passenger501, Mr. Firstname",male,,0,0,9.57,S
503,0,2,"Passenger502, Mr. Firstname",male,,0,2,5.49,Q
504,1,3,"Passenger503, Mr. Firstname",male,29.80206496234223,0,0,1.33,S
505,1,3,"Passenger504, Miss. Firstname",female,44.03946127522524,2,0,20.76,Q
506,0,1,"Passenger505, Master. Firstname",male,50.366608443063264,0,0,8.12,S
507,0,3,"Passenger506, Mr. Firstname",male,18.911044594352703,0,0,6.01,C
508,0,3,"Passenger507, Rev. Firstname",male,,1,0,4.57,S
509,0,3,"Passenger508, Mrs. Firstname",female,31.112182985885482,2,0,6.13,S
510,0,3,"Passenger509, Mr. Firstname",male,27.34976309585766,0,0,1.96,C
511,0,3,"Passenger510, Mr. Firstname",male,33.98403680915037,4,0,8.4,S
512,0,2,"Passenger511, Mr. Firstname",male,32.05196374932592,0,0,4.13,S
513,1,3,"Passenger512, Mrs. Firstname",female,,1,0,6.99,S
514,0,3,"Passenger513, Miss. Firstname",female,,0,0,8.09,S
515,1,1,"Passenger514, Dr. Firstname",male,39.9777862721058,0,0,47.22,S
516,1,1,"Passenger515, Mrs. Firstname",female,,0,0,18.86,C
517,1,2,"Passenger516, Mrs. Firstname",female,,0,0,15.25,S
518,0,3,"Passenger517, Mr. Firstname",male,44.539014342324705,0,0,3.58,S
519,1,3,"Passenger518, Mrs. Firstname",female,27.706421859553124,0,0,25.95,C
520,0,1,"Passenger519, Mr. Firstname",male,11.960314367059325,0,1,18.48,S
521,0,3,"Passenger520, Dr. Firstname",male,15.170370467113482,1,0,3.0,S
522,0,2,"Passenger521, Dr. Firstname",male,42.06525427641888,0,0,32.79,S
523,0,3,"Passenger522, Master. Firstname",male,20.175625290458264,0,0,19.5,S
524,0,3,"Passenger523, Dr. Firstname",male,14.887223320432726,0,0,0.54,S
525,1,3,"Passenger524, Miss. Firstname",female,,0,0,58.08,S
526,0,3,"Passenger525, Mr. Firstname",male,19.376619630730197,1,0,1.68,S
527,0,2,"Passenger526, Mr. Firstname",male,,1,0,5.52,S
528,0,2,"Passenger527, Master. Firstname",male,26.805610939048137,0,0,1.64,S
529,1,1,"Passenger528, Mrs. Firstname",female,9.78675559580832,0,0,21.41,C
530,0,3,"Passenger529, Mr. Firstname",male,29.434628568672995,1,0,25.51,S
531,0,3,"Passenger530, Mr. Firstname",male,32.111725854275385,0,0,6.39,S
532,0,3,"Passenger531, Mr. Firstname",male,22.289283939828078,1,0,9.25,Q
533,0,3,"Passenger532, Mr. Firstname",male,45.1823911786978,0,2,0.61,S
534,1,3,"Passenger533, Mrs. Firstname",female,,1,0,0.03,C
535,0,3,"Passenger534, Miss. Firstname",female,44.51672761292011,0,0,3.37,S
536,0,3,"Passenger535, Mr. Firstname",male,37.35495891544967,0,2,13.7,C
537,0,3,"Passenger536, Mrs. Firstname",female,41.972477112621704,2,0,1.55,S
538,0,2,"Passenger537, Mr. Firstname",male,13.620288228710471,0,0,83.11,S
539,1,3,"Passenger538, Miss. Firstname",female,30.376342691333438,0,1,6.35,S
540,0,1,"Passenger539, Mr. Firstname",male,28.260407935953232,0,1,60.87,S
541,0,3,"Passenger540, Mr. Firstname",male,9.091908651294538,0,0,14.94,C
542,0,3,"Passenger541, Mr. Firstname",male,44.47085021724073,0,0,2.36,S
543,1,1,"Passenger542, Mrs. Firstname",female,17.5563874432971,0,0,26.93,S
544,1,3,"Passenger543, Mr. Firstname",male,20.46605039629624,0,2,33.84,S
545,0,3,"Passenger544, Mr. Firstname",male,14.813578301631837,0,0,3.62,S
546,0,2,"Passenger545, Mr. Firstname",male,,1,0,36.17,S
547,1,1,"Passenger546, Mrs. Firstname",female,7.636983937183658,0,1,11.04,S
548,0,3,"Passenger547, Mr. Firstname",male,,0,0,17.77,S
549,0,3,"Passenger548, Miss. Firstname",female,43.62319580740845,0,0,2.22,S
550,1,3,"Passenger549, Miss. Firstname",female,,0,0,20.7,Q
551,0,3,"Passenger550, Mr. Firstname",male,38.97679877385001,0,0,17.6,S
552,1,3,"Passenger551, Mrs. Firstname",female,39.6336505740926,0,1,10.9,S
553,0,3,"Passenger552, Mr. Firstname",male,,0,0,4.94,C
554,1,3,"Passenger553, Mrs. Firstname",female,49.086289715300815,0,1,3.65,S
555,0,3,"Passenger554, Mr. Firstname",male,22.55893244213102,0,0,1.56,S
556,1,2,"Passenger555, Mrs. Firstname",female,28.070573353740393,0,0,9.66,S
557,1,1,"Passenger556, Miss. Firstname",female,,0,2,1.98,S
558,1,1,"Passenger557, Miss. Firstname",female,35.88158969228233,0,0,81.6,S
559,1,3,"Passenger558, Mrs. Firstname",female,21.467478596076088,0,0,7.74,S
560,0,3,"Passenger559, Mr. Firstname",male,,0,0,5.42,S
561,0,3,"Passenger560, Mr. Firstname",male,,1,1,12.29,C
562,1,1,"Passenger561, Miss. Firstname",female,45.305312919022,0,0,10.09,S
563,0,1,"Passenger562, Dr. Firstname",male,38.39037324330285,0,0,21.5,Q
564,0,1,"Passenger563, Mr. Firstname",male,24.908363333375227,0,0,17.18,S
565,1,2,"Passenger564, Mrs. Firstname",female,22.431913579638653,0,0,13.48,S
566,1,3,"Passenger565, Mrs. Firstname",female,38.024795448447755,0,1,11.77,S
567,1,2,"Passenger566, Miss. Firstname",female,19.097892671096535,0,0,32.46,Q
568,0,2,"Passenger567, Mr. Firstname",male,,1,0,5.67,S
569,0,3,"Passenger568, Mrs. Firstname",female,45.259583024039685,0,0,3.92,S
570,0,2,"Passenger569, Dr. Firstname",male,17.642400332079305,2,0,48.34,C
571,0,3,"Passenger570, Miss. Firstname",female,34.16041160768284,0,2,0.78,S
572,0,3,"Passenger571, Mr. Firstname",male,33.42015373709689,0,0,11.09,C
573,0,2,"Passenger572, Mrs. Firstname",female,27.63728453872244,0,3,22.61,S
574,0,3,"Passenger573, Miss. Firstname",female,,0,0,26.91,C
575,1,3,"Passenger574, Mr. Firstname",male,46.007158796521395,0,0,9.06,Q
576,1,3,"Passenger575, Miss. Firstname",female,,0,2,13.28,S
577,0,1,"Passenger576, Mr. Firstname",male,3.631455384185319,0,0,44.92,S
578,1,3,"Passenger577, Mrs. Firstname",female,,2,0,1.95,S
579,1,3,"Passenger578, Mrs. Firstname",female,,1,3,0.47,Q
580,0,2,"Passenger579, Mr. Firstname",male,38.68633602797122,0,0,4.04,S
581,0,3,"Passenger580, Miss. Firstname",female,47.68864546980822,0,0,4.54,S
582,1,3,"Passenger581, Mrs. Firstname",female,37.81649829758144,0,0,1.66,S
583,0,3,"Passenger582, Mr. Firstname",male,43.99975822642488,0,0,7.58,S
584,0,2,"Passenger583, Mr. Firstname",male,,0,0,1.55,S
585,1,3,"Passenger584, Miss. Firstname",female,,0,0,0.38,S
586,1,2,"Passenger585, Ms. Firstname",female,33.628027496756104,0,0,4.03,S
587,0,1,"Passenger586, Mrs. Firstname",female,51.87527456933107,0,1,97.38,S
588,1,1,"Passenger587, Miss. Firstname",female,53.56685762785219,4,0,93.08,S
589,1,1,"Passenger588, Mr. Firstname",male,53.76280496563189,1,0,21.16,S
590,1,1,"Passenger589, Mrs. Firstname",female,22.109990787255963,2,0,8.75,C
591,0,1,"Passenger590, Mr. Firstname",male,10.043742981022344,0,0,9.44,C
592,0,3,"Passenger591, Mr. Firstname",male,21.255309431911584,0,0,2.12,S
593,1,1,"Passenger592, Mr. Firstname",male,38.85098262110445,0,1,61.77,S
594,0,2,"Passenger593, Mr. Firstname",male,31.22822523464948,0,0,13.24,S
595,0,3,"Passenger594, Master. Firstname",male,26.10926620752414,0,1,2.0,S
596,0,3,"Passenger595, Mr. Firstname",male,36.8467395832691,0,2,30.57,S
597,1,3,"Passenger596, Mrs. Firstname",female,8.40872885657426,0,0,17.0,S
598,0,1,"Passenger597, Mr. Firstname",male,30.976370181681578,0,0,16.74,S
599,1,1,"Passenger598, Mr. Firstname",male,44.658407027870275,0,0,110.78,Q
600,0,1,"Passenger599, Mr. Firstname",male,36.6904190238152,0,0,14.09,S
601,0,1,"Passenger600, Mr. Firstname",male,38.6853375056722,0,1,4.52,S
602,0,2,"Passenger601, Dr. Firstname",male,51.36321905933521,0,2,51.34,S
603,1,1,"Passenger602, Mr. Firstname",male,28.07399401176866,0,0,30.9,Q
604,0,1,"Passenger603, Mr. Firstname",male,19.85671674109529,0,0,151.57,S
605,1,1,"Passenger604, Ms. Firstname",female,45.65321059731059,2,2,63.03,S
606,0,3,"Passenger605, Mr. Firstname",male,45.39568883447498,0,2,18.39,S
607,1,1,"Passenger606, Mr. Firstname",male,36.81608344658115,1,0,177.23,S
608,0,2,"Passenger607, Mr. Firstname",male,26.754805991845725,0,0,0.89,S
609,1,3,"Passenger608, Miss. Firstname",female,29.01931511411179,0,0,21.89,S
610,0,3,"Passenger609, Mr. Firstname",male,,0,2,12.76,S
611,0,1,"Passenger610, Mr. Firstname",male,44.58125142290084,0,0,3.15,S
612,0,3,"Passenger611, Mr. Firstname",male,,0,0,3.84,S
613,0,3,"Passenger612, Mr. Firstname",male,10.636441493465025,1,0,4.54,C
614,0,1,"Passenger613, Mr. Firstname",male,41.146849174685904,0,0,30.75,S
615,0,3,"Passenger614, Mr. Firstname",male,,0,0,3.83,C
616,0,3,"Passenger615, Mr. Firstname",male,,0,5,2.82,S
617,0,1,"Passenger616, Dr. Firstname",male,12.115997184985428,2,0,97.53,S
618,0,2,"Passenger617, Mr. Firstname",male,34.22890577162411,0,0,5.61,S
619,1,3,"Passenger618, Mrs. Firstname",female,23.43214240530315,0,0,1.32,S
620,0,3,"Passenger619, Miss. Firstname",female,,0,0,15.29,C
621,0,1,"Passenger620, Mrs. Firstname",female,42.336377525084686,1,0,9.85,Q
622,1,1,"Passenger621, Mrs. Firstname",female,35.63170391425118,5,0,96.1,S
623,0,2,"Passenger622, Mr. Firstname",male,36.323106056033524,0,0,10.49,S
624,1,3,"Passenger623, Mr. Firstname",male,47.63214052514034,1,0,10.09,S
625,0,3,"Passenger624, Mr. Firstname",male,40.85125328418273,1,0,5.43,S
626,0,2,"Passenger625, Mr. Firstname",male,35.996730138944315,0,0,47.74,S
627,1,3,"Passenger626, Mrs. Firstname",female,15.276343531834861,0,2,3.57,S
628,0,3,"Passenger627, Rev. Firstname",male,71.86725751568707,0,2,14.19,Q
629,1,1,"Passenger628, Mrs. Firstname",female,13.555441397684737,3,0,255.84,S
630,1,2,"Passenger629, Mr. Firstname",male,,0,0,16.97,Q
631,1,3,"Passenger630, Mrs. Firstname",female,5.8338041302600345,1,2,7.13,C
632,0,3,"Passenger631, Mr. Firstname",male,,0,0,12.15,C
633,0,3,"Passenger632, Mr. Firstname",male,31.115546121987304,1,1,3.0,S
634,0,3,"Passenger633, Mr. Firstname",male,39.71387013710664,0,2,13.56,S
635,0,1,"Passenger634, Mr. Firstname",male,4.653081164537927,0,0,11.51,S
636,0,2,"Passenger635, Mr. Firstname",male,,1,0,13.16,S
637,0,3,"Passenger636, Mr. Firstname",male,,1,2,11.54,S
638,0,2,"Passenger637, Miss. Firstname",female,26.913927208905886,1,0,6.52,Q
639,0,2,"Passenger638, Rev. Firstname",male,,0,0,7.85,C
640,0,2,"Passenger639, Mr. Firstname",male,,1,0,58.05,C
641,0,1,"Passenger640, Mr. Firstname",male,33.647195793336095,0,0,134.64,C
642,1,2,"Passenger641, Mrs. Firstname",female,40.18850347867559,0,0,12.36,S
643,0,1,"Passenger642, Rev. Firstname",male,35.00306895914214,0,0,5.98,S
644,0,2,"Passenger643, Mr. Firstname",male,24.224489364317957,0,5,3.54,S
645,0,1,"Passenger644, Mr. Firstname",male,,0,0,80.94,S
646,0,3,"Passenger645, Mr. Firstname",male,31.966301501125518,8,0,21.0,C
647,1,3,"Passenger646, Miss. Firstname",female,16.462214690351313,0,0,3.1,S
648,0,3,"Passenger647, Mr. Firstname",male,42.94412123144137,0,0,8.92,S
649,0,3,"Passenger648, Mr. Firstname",male,33.041155031304775,0,0,19.68,S
650,1,3,"Passenger649, Miss. Firstname",female,30.04686775090756,0,2,5.23,S
651,0,1,"Passenger650, Mr. Firstname",male,45.694951826440594,0,1,5.4,S
652,0,3,"Passenger651, Mr. Firstname",male,27.318408995040823,2,0,3.38,C
653,0,3,"Passenger652, Mr. Firstname",male,26.446106039866162,1,0,1.39,S
654,1,3,"Passenger653, Mrs. Firstname",female,22.2151973039445,1,0,18.98,S
655,0,2,"Passenger654, Mr. Firstname",male,33.80293812496309,5,0,54.24,S
656,1,1,"Passenger655, Mrs. Firstname",female,33.318301516641206,0,0,30.68,S
657,0,2,"Passenger656, Mr. Firstname",male,19.672021192861305,0,0,28.03,S
658,0,2,"Passenger657, Mr. Firstname",male,,0,4,4.95,Q
659,0,3,"Passenger658, Rev. Firstname",male,19.765568240730737,0,0,43.36,S
660,0,3,"Passenger659, Mrs. Firstname",female,19.131841646583133,0,0,46.79,S
661,0,2,"Passenger660, Master. Firstname",male,4.781430355824142,0,1,29.39,S
662,1,3,"Passenger661, Mrs. Firstname",female,25.767256448458227,0,0,0.5,S
663,0,3,"Passenger662, Mrs. Firstname",female,5.169014274879842,0,0,14.65,S
664,0,1,"Passenger663, Mr. Firstname",male,22.520580391246845,0,0,10.22,S
665,0,1,"Passenger664, Mr. Firstname",male,20.422274957713483,0,0,220.76,S
666,0,1,"Passenger665, Mr. Firstname",male,,0,1,110.91,C
667,0,2,"Passenger666, Mr. Firstname",male,,0,0,14.61,S
668,1,1,"Passenger667, Mrs. Firstname",female,18.343390612597343,0,1,239.14,S
669,0,1,"Passenger668, Ms. Firstname",female,23.658662051317986,1,0,6.15,S
670,0,2,"Passenger669, Mr. Firstname",male,20.877988878961133,0,0,17.4,S
671,0,1,"Passenger670, Mr. Firstname",male,48.169567163906265,0,1,61.0,C
672,1,3,"Passenger671, Mrs. Firstname",female,13.060056777305327,1,0,38.71,Q
673,1,1,"Passenger672, Mr. Firstname",male,23.68833701419821,0,0,158.18,S
674,0,3,"Passenger673, Miss. Firstname",female,,0,0,19.4,C
675,0,2,"Passenger674, Mr. Firstname",male,41.336566802588095,1,0,24.84,C
676,0,3,"Passenger675, Miss. Firstname",female,23.676618216977154,0,0,4.92,Q
677,0,1,"Passenger676, Mr. Firstname",male,2.146605592946905,1,0,63.46,S
678,0,2,"Passenger677, Mr. Firstname",male,26.898540897802935,1,0,12.26,S
679,0,3,"Passenger678, Mr. Firstname",male,47.92839866653001,0,0,9.63,S
680,0,3,"Passenger679, Mr. Firstname",male,32.95062370402598,0,2,11.99,C
681,0,3,"Passenger680, Mr. Firstname",male,32.30985007303906,0,0,3.57,S
682,1,2,"Passenger681, Miss. Firstname",female,14.117748117922048,0,1,43.58,S
683,1,1,"Passenger682, Mrs. Firstname",female,12.680597735958692,0,0,49.62,S
684,0,3,"Passenger683, Mr. Firstname",male,29.25258308087739,0,0,40.45,S
685,0,3,"Passenger684, Mr. Firstname",male,9.030695088060291,0,1,0.18,S
686,0,3,"Passenger685, Mr. Firstname",male,,0,0,7.87,C
687,0,3,"Passenger686, Mr. Firstname",male,17.14695251587093,0,0,4.87,S
688,0,2,"Passenger687, Mr. Firstname",male,28.65479806975909,0,0,29.43,C
689,0,3,"Passenger688, Mr. Firstname",male,2.5992631374406123,0,0,10.15,S
690,1,1,"Passenger689, Mr. Firstname",male,23.486773841790907,1,0,203.94,S
691,0,2,"Passenger690, Mr. Firstname",male,12.397952340177156,0,0,5.32,S
692,0,2,"Passenger691, Mr. Firstname",male,0.5,0,1,10.54,S
693,0,3,"Passenger692, Mr. Firstname",male,36.585789250708444,2,0,13.9,S
694,1,2,"Passenger693, Mrs. Firstname",female,51.97623354728203,0,2,29.5,S
695,0,1,"Passenger694, Mr. Firstname",male,,0,2,23.12,S
696,1,3,"Passenger695, Dr. Firstname",female,38.543669658653265,0,0,11.28,C
697,0,2,"Passenger696, Mr. Firstname",male,,0,0,17.96,S
698,0,3,"Passenger697, Mr. Firstname",male,40.282463199669564,0,2,5.54,S
699,1,1,"Passenger698, Miss. Firstname",female,46.133944780032195,0,2,5.22,S
700,0,3,"Passenger699, Mrs. Firstname",female,30.915505615398107,0,0,4.52,S
701,0,3,"Passenger700, Mrs. Firstname",female,12.418957587631681,1,0,1.84,S
702,0,1,"Passenger701, Mr. Firstname",male,,0,0,91.65,S
703,1,2,"Passenger702, Mr. Firstname",male,52.83775083687111,0,0,14.06,S
704,1,1,"Passenger703, Mrs. Firstname",female,27.95358164589767,1,0,39.85,S
705,1,1,"Passenger704, Mr. Firstname",male,0.5,0,0,90.28,S
706,0,3,"Passenger705, Mr. Firstname",male,8.435071508617291,1,0,36.1,C
707,0,2,"Passenger706, Mr. Firstname",male,23.057718156005258,0,0,2.81,S
708,0,3,"Passenger707, Mr. Firstname",male,43.501553337845955,1,0,0.64,S
709,1,2,"Passenger708, Mrs. Firstname",female,25.17628706630323,0,0,53.9,C
710,0,3,"Passenger709, Mr. Firstname",male,43.76204316962564,1,0,23.82,S
711,0,3,"Passenger710, Mr. Firstname",male,21.633727050335153,2,0,7.03,S
712,0,3,"Passenger711, Mr. Firstname",male,1.4999046887014167,0,0,10.58,S
713,1,3,"Passenger712, Mr. Firstname",male,22.118143779626816,0,0,44.8,S
714,1,2,"Passenger713, Mr. Firstname",male,33.82923002164799,0,0,2.39,S
715,0,2,"Passenger714, Mr. Firstname",male,32.66730489077838,0,2,54.36,S
716,0,3,"Passenger715, Mr. Firstname",male,11.428491510407103,0,0,1.04,Q
717,1,3,"Passenger716, Dr. Firstname",female,24.083253174747284,0,0,2.54,C
718,0,3,"Passenger717, Mr. Firstname",male,66.58543933289704,0,0,6.97,S
719,0,1,"Passenger718, Mr. Firstname",male,11.734236431843726,0,3,51.65,S
720,1,3,"Passenger719, Miss. Firstname",female,38.250127522492484,0,0,20.33,S
721,0,3,"Passenger720, Mrs. Firstname",female,0.5,0,0,53.34,S
722,1,1,"Passenger721, Mr. Firstname",male,41.09308554397526,0,0,57.76,S
723,0,1,"Passenger722, Mr. Firstname",male,16.507444537361746,0,0,42.74,S
724,0,3,"Passenger723, Mr. Firstname",male,,0,0,19.38,S
725,0,3,"Passenger724, Mrs. Firstname",female,10.918641575245182,0,0,11.13,S
726,1,3,"Passenger725, Mrs. Firstname",female,33.0719392024739,0,0,2.66,Q
727,1,1,"Passenger726, Mrs. Firstname",female,16.278895859619865,0,0,12.89,S
728,0,3,"Passenger727, Mr. Firstname",male,18.989325438467247,0,0,16.27,Q
729,1,1,"Passenger728, Miss. Firstname",female,,1,0,31.53,Q
730,0,1,"Passenger729, Mr. Firstname",male,22.974603330441774,0,1,37.72,S
731,0,1,"Passenger730, Mr. Firstname",male,34.32534027502836,0,0,3.25,C
732,0,3,"Passenger731, Mr. Firstname",male,26.32822153899309,0,1,43.68,S
733,1,3,"Passenger732, Miss. Firstname",female,29.94491153746185,1,0,13.06,S
734,0,3,"Passenger733, Mr. Firstname",male,35.23121059894762,2,0,6.3,S
735,0,2,"Passenger734, Mrs. Firstname",female,,0,0,45.09,S
736,0,3,"Passenger735, Mr. Firstname",male,15.055302995975163,0,2,15.76,S
737,1,2,"Passenger736, Mr. Firstname",male,21.54762827698294,1,0,39.23,S
738,1,3,"Passenger737, Mr. Firstname",male,45.7319485176681,0,0,2.26,S
739,0,2,"Passenger738, Mr. Firstname",male,30.626423177071697,0,0,58.91,S
740,1,2,"Passenger739, Miss. Firstname",female,,0,0,11.01,S
741,0,3,"Passenger740, Mr. Firstname",male,34.62184851742806,0,0,11.9,S
742,0,2,"Passenger741, Mrs. Firstname",female,35.556418189147934,2,0,11.68,S
743,1,3,"Passenger742, Miss. Firstname",female,36.279987061169344,8,0,12.77,S
744,0,3,"Passenger743, Mrs. Firstname",female,15.310279194802002,1,0,4.0,S
745,1,1,"Passenger744, Mr. Firstname",male,19.44652607999747,0,0,104.41,S
746,0,3,"Passenger745, Mr. Firstname",male,19.524390970581837,1,0,1.63,C
747,1,2,"Passenger746, Mr. Firstname",male,,0,0,19.0,S
748,1,3,"Passenger747, Miss. Firstname",female,36.544868592012286,0,0,24.24,S
749,0,3,"Passenger748, Miss. Firstname",female,33.14658726623419,1,0,3.19,S
750,1,3,"Passenger749, Rev. Firstname",male,34.25303740020028,0,0,18.08,C
751,1,1,"Passenger750, Mrs. Firstname",female,47.95626799320132,0,2,74.22,S
752,0,3,"Passenger751, Mr. Firstname",male,,0,2,42.45,S
753,0,3,"Passenger752, Mr. Firstname",male,27.014777250054777,1,1,5.61,S
754,0,2,"Passenger753, Mr. Firstname",male,12.425607535265005,0,0,15.18,S
755,1,1,"Passenger754, Mrs. Firstname",female,18.996341881407815,0,0,50.53,S
756,1,3,"Passenger755, Mr. Firstname",male,,0,0,6.06,S
757,1,3,"Passenger756, Mrs. Firstname",female,40.60781758270559,1,0,39.83,
758,1,3,"Passenger757, Mrs. Firstname",female,28.617352922514694,1,0,9.29,S
759,0,3,"Passenger758, Mrs. Firstname",female,19.813256631561796,0,1,4.07,S
760,0,3,"Passenger759, Mr. Firstname",male,18.73949959981884,0,1,1.54,S
761,0,1,"Passenger760, Mr. Firstname",male,28.025905075102834,0,1,67.18,S
762,0,2,"Passenger761, Mr. Firstname",male,41.4598258710394,3,0,49.15,C
763,1,2,"Passenger762, Mr. Firstname",male,,0,0,6.17,S
764,0,3,"Passenger763, Mr. Firstname",male,26.119239627584655,2,0,36.18,S
765,0,1,"Passenger764, Miss. Firstname",female,,0,0,38.07,S
766,0,3,"Passenger765, Mr. Firstname",male,12.00481611379664,1,0,4.34,C
767,0,3,"Passenger766, Mr. Firstname",male,56.14869596739253,1,0,30.47,C
768,0,3,"Passenger767, Mr. Firstname",male,,1,0,4.64,S
769,0,2,"Passenger768, Rev. Firstname",male,45.4032723649277,3,0,25.49,S
770,0,3,"Passenger769, Mr. Firstname",male,,0,0,9.17,S
771,1,1,"Passenger770, Mr. Firstname",male,20.608869086235533,0,1,106.39,Q
772,1,3,"Passenger771, Mrs. Firstname",female,13.459949993597027,0,0,1.31,S
773,1,1,"Passenger772, Mr. Firstname",male,,1,1,24.78,S
774,1,2,"Passenger773, Mrs. Firstname",female,32.10088272589752,0,0,0.01,S
775,0,3,"Passenger774, Mrs. Firstname",female,29.297926119456886,0,0,2.4,S
776,0,1,"Passenger775, Mr. Firstname",male,41.41425303376359,0,0,14.09,S
777,1,1,"Passenger776, Miss. Firstname",female,,0,0,2.41,Q
778,0,3,"Passenger777, Mr. Firstname",male,29.025843373234082,0,3,6.18,S
779,1,3,"Passenger778, Miss. Firstname",female,29.788708015369693,0,0,18.35,C
780,1,3,"Passenger779, Mr. Firstname",male,21.829959747126136,1,0,39.49,S
781,0,3,"Passenger780, Mrs. Firstname",female,,0,0,1.63,S
782,1,3,"Passenger781, Mrs. Firstname",female,,0,2,6.55,S
783,1,2,"Passenger782, Miss. Firstname",female,7.256151252836386,0,0,20.52,S
784,1,2,"Passenger783, Mrs. Firstname",female,24.779036910707767,0,0,0.47,Q
785,1,1,"Passenger784, Mr. Firstname",male,32.48850140399456,1,0,16.99,C
786,0,3,"Passenger785, Mr. Firstname",male,16.491094725573483,1,0,0.64,S
787,0,3,"Passenger786, Mr. Firstname",male,17.595672895613856,0,0,13.88,S
788,0,2,"Passenger787, Mr. Firstname",male,21.35237346623543,1,0,1.99,S
789,0,3,"Passenger788, Mrs. Firstname",female,46.097299240937446,1,0,2.6,Q
790,0,3,"Passenger789, Mr. Firstname",male,22.179787682960114,1,1,20.32,C
791,1,1,"Passenger790, Miss. Firstname",female,49.00763825971443,0,0,49.94,C
792,0,3,"Passenger791, Mr. Firstname",male,20.3906938659233,2,0,8.0,S
793,1,3,"Passenger792, Miss. Firstname",female,33.55019790759159,0,0,4.25,S
794,0,3,"Passenger793, Mr. Firstname",male,22.752602560923485,0,0,12.2,S
795,1,1,"Passenger794, Mrs. Firstname",female,39.55716438406661,0,0,70.93,S
796,0,3,"Passenger795, Mrs. Firstname",female,13.34416183608609,0,0,3.23,S
797,0,3,"Passenger796, Mr. Firstname",male,39.40003271408124,0,0,15.73,S
798,0,3,"Passenger797, Mr. Firstname",male,30.59417160433557,0,0,0.49,S
799,1,3,"Passenger798, Dr. Firstname",female,,0,0,1.19,C
800,0,3,"Passenger799, Mr. Firstname",male,26.672899214057892,1,0,0.08,C
801,0,3,"Passenger800, Mr. Firstname",male,50.473969174450446,1,0,1.99,S
802,0,1,"Passenger801, Mr. Firstname",male,30.92982306833097,0,0,69.16,S
803,0,3,"Passenger802, Mr. Firstname",male,19.161807777223057,1,0,65.68,S
804,0,3,"Passenger803, Mr. Firstname",male,12.134294040406424,1,2,4.09,C
805,0,2,"Passenger804, Mr. Firstname",male,,1,1,3.5,C
806,0,3,"Passenger805, Mr. Firstname",male,31.741833458149596,0,0,3.31,C
807,0,3,"Passenger806, Rev. Firstname",male,38.73028973123513,1,0,33.01,C
808,1,3,"Passenger807, Miss. Firstname",female,8.52885364434221,2,1,8.81,S
809,0,3,"Passenger808, Mr. Firstname",male,12.588353659519,1,1,5.45,S
810,0,1,"Passenger809, Mrs. Firstname",female,45.0563087895266,0,1,43.06,S
811,1,3,"Passenger810, Mr. Firstname",male,33.63878305491077,0,0,6.03,S
812,0,3,"Passenger811, Rev. Firstname",male,36.46761191732587,0,0,4.9,C
813,1,1,"Passenger812, Mr. Firstname",male,,0,1,26.05,S
814,0,3,"Passenger813, Mr. Firstname",male,15.26617922339514,0,0,5.69,S
815,0,3,"Passenger814, Mr. Firstname",male,42.87762121468924,0,0,4.57,S
816,0,3,"Passenger815, Mr. Firstname",male,43.53728716671208,1,0,13.57,Q
817,0,3,"Passenger816, Mr. Firstname",male,13.763527181593247,1,0,4.1,S
818,0,2,"Passenger817, Mr. Firstname",male,,0,0,7.06,S
819,1,1,"Passenger818, Mrs. Firstname",female,27.479698410025783,2,0,148.2,S
820,0,2,"Passenger819, Mr. Firstname",male,,0,0,0.63,S
821,0,3,"Passenger820, Dr. Firstname",male,17.517523693355642,0,0,6.28,S
822,0,1,"Passenger821, Mrs. Firstname",female,11.480704550016505,1,0,267.25,S
823,0,2,"Passenger822, Mr. Firstname",male,,1,0,7.23,S
824,0,2,"Passenger823, Mr. Firstname",male,12.834273603139877,2,0,9.01,C
825,1,3,"Passenger824, Mrs. Firstname",female,,0,0,3.53,S
826,1,3,"Passenger825, Dr. Firstname",male,33.17748585192826,1,1,1.63,S
827,0,2,"Passenger826, Mrs. Firstname",female,28.22722471997673,0,0,0.8,Q
828,1,2,"Passenger827, Mrs. Firstname",female,,1,0,21.28,S
829,0,3,"Passenger828, Mr. Firstname",male,5.913531905109711,1,0,2.06,S
830,0,3,"Passenger829, Mr. Firstname",male,,0,1,2.29,C
831,0,1,"Passenger830, Mr. Firstname",male,58.058925590321735,0,0,53.61,S
832,0,3,"Passenger831, Mr. Firstname",male,23.788185220001612,1,0,0.19,S
833,0,1,"Passenger832, Mr. Firstname",male,40.546486092012174,0,0,170.1,S
834,0,1,"Passenger833, Miss. Firstname",female,,0,0,128.04,S
835,0,3,"Passenger834, Mr. Firstname",male,41.112780512017856,1,1,8.48,S
836,0,2,"Passenger835, Mr. Firstname",male,31.33326361880252,0,1,4.31,C
837,1,3,"Passenger836, Miss. Firstname",female,36.925203758419,1,0,4.51,S
838,1,2,"Passenger837, Miss. Firstname",female,38.786190680182074,0,0,26.8,S
839,0,3,"Passenger838, Mr. Firstname",male,37.89624439640101,0,0,15.86,Q
840,0,3,"Passenger839, Mr. Firstname",male,13.356145570812455,1,0,24.6,S
841,0,1,"Passenger840, Mr. Firstname",male,5.096617244384184,0,0,45.24,S
842,0,3,"Passenger841, Mr. Firstname",male,7.249830392192699,0,0,1.23,S
843,0,1,"Passenger842, Mr. Firstname",male,25.217760106642707,1,0,1.28,S
844,1,3,"Passenger843, Mr. Firstname",male,37.314974281917024,0,0,5.17,S
845,1,1,"Passenger844, Miss. Firstname",female,,0,2,1.98,S
846,0,2,"Passenger845, Mr. Firstname",male,41.93558642018166,0,0,5.33,Q
847,0,1,"Passenger846, Mr. Firstname",male,21.968147556889594,1,1,46.49,Q
848,0,3,"Passenger847, Mr. Firstname",male,22.101427043282897,1,0,10.68,C
849,0,3,"Passenger848, Mr. Firstname",male,17.294502057685595,1,0,8.94,C
850,0,3,"Passenger849, Mrs. Firstname",female,2.6129909737721704,0,0,2.72,S
851,1,1,"Passenger850, Miss. Firstname",female,,1,0,48.14,S
852,1,3,"Passenger851, Mrs. Firstname",female,,0,0,19.13,C
853,1,1,"Passenger852, Mr. Firstname",male,28.122696670544112,1,0,345.61,S
854,1,3,"Passenger853, Mr. Firstname",male,3.0911570162720636,0,5,1.22,Q
855,1,1,"Passenger854, Mr. Firstname",male,39.924799362630246,1,0,23.17,S
856,1,1,"Passenger855, Mr. Firstname",male,6.252828138558151,1,0,142.29,S
857,1,1,"Passenger856, Mr. Firstname",male,12.073518442151403,0,2,12.74,S
858,1,3,"Passenger857, Mrs. Firstname",female,25.663265587610006,0,0,11.9,Q
859,1,3,"Passenger858, Mr. Firstname",male,30.719808139562772,1,0,1.99,S
860,0,1,"Passenger859, Mr. Firstname",male,,0,0,2.52,C
861,1,3,"Passenger860, Mr. Firstname",male,25.11757520807627,3,1,13.57,S
862,0,3,"Passenger861, Mr. Firstname",male,39.012273610649586,0,2,0.3,S
863,0,3,"Passenger862, Mr. Firstname",male,,0,2,6.37,C
864,0,2,"Passenger863, Mrs. Firstname",female,46.5203899053997,0,0,15.73,S
865,0,2,"Passenger864, Mrs. Firstname",female,55.73186113210891,0,1,3.69,S
866,0,3,"Passenger865, Ms. Firstname",female,40.338450503255636,2,0,2.92,S
867,0,1,"Passenger866, Mr. Firstname",male,25.965688798340633,0,0,3.42,S
868,1,1,"Passenger867, Mr. Firstname",male,41.03039307572161,1,0,46.35,S
869,0,3,"Passenger868, Mr. Firstname",male,35.53402727607255,0,0,19.18,S
870,0,3,"Passenger869, Mr. Firstname",male,36.08913768536756,0,3,30.53,S
871,0,2,"Passenger870, Miss. Firstname",female,31.481062991003597,0,2,24.38,Q
872,0,2,"Passenger871, Mr. Firstname",male,,0,0,12.1,S
873,0,3,"Passenger872, Mr. Firstname",male,14.60665029049298,3,0,11.7,C
874,0,2,"Passenger873, Mr. Firstname",male,27.640345184948004,0,0,37.89,S
875,1,1,"Passenger874, Mr. Firstname",male,31.084741061849208,0,1,208.32,S
876,1,1,"Passenger875, Miss. Firstname",female,19.487827078956016,0,0,75.1,S
877,1,3,"Passenger876, Mr. Firstname",male,34.92678728052005,0,0,47.58,S
878,0,3,"Passenger877, Mr. Firstname",male,58.13072265654865,0,0,11.41,S
879,1,1,"Passenger878, Mr. Firstname",male,4.579369930104395,1,0,7.47,S
880,1,1,"Passenger879, Mr. Firstname",male,37.151422685892655,0,0,45.07,S
881,1,1,"Passenger880, Mrs. Firstname",female,28.076355307528658,0,2,8.14,S
882,0,3,"Passenger881, Mrs. Firstname",female,35.30917777468517,0,0,17.05,S
883,1,1,"Passenger882, Miss. Firstname",female,22.969994193555923,4,0,39.52,S
884,1,1,"Passenger883, Mrs. Firstname",female,26.95516160933966,0,0,58.46,S
885,1,3,"Passenger884, Mr. Firstname",male,,0,0,0.17,Q
886,1,1,"Passenger885, Mrs. Firstname",female,24.77712563050635,0,2,13.0,S
887,0,3,"Passenger886, Mr. Firstname",male,7.712421556821418,0,0,5.45,S
888,0,1,"Passenger887, Mr. Firstname",male,25.725189570977655,0,0,180.35,S
889,1,1,"Passenger888, Miss. Firstname",female,9.169929205253283,0,0,29.03,C
890,0,2,"Passenger889, Mr. Firstname",male,38.14470354812433,1,0,1.87,S
891,1,3,"Passenger890, Mrs. Firstname",female,2.8823685849062883,0,0,1.37,C
